CREATE DATABASE fuszerkeverek 
DEFAULT CHARACTER SET utf8
COLLATE utf8_hungarian_ci;
 use fuszerkeverek;create table kapcsolat(keverekid int(11)  ,osszetevoid int(11)  ) ENGINE=InnoDB DEFAULT CHARSET=utf8mb4 COLLATE=utf8mb4_hungarian_ci;
 
ALTER TABLE kapcsolat ADD PRIMARY KEY(keverekid,osszetevoid);
 INSERT INTO kapcsolat VALUES
( 1,14),
( 1,31),
( 1,77),
( 2,24),
( 2,17),
( 2,95),
( 2,97),
( 3,91),
( 3,73),
( 3,29),
( 3,13),
( 3,31),
( 4,74),
( 4,50),
( 4,9),
( 4,84),
( 4,24),
( 4,14),
( 4,48),
( 4,96),
( 4,95),
( 5,104),
( 5,100),
( 5,75),
( 5,111),
( 5,62),
( 5,50),
( 5,90),
( 5,81),
( 5,41),
( 5,31),
( 5,84),
( 5,105),
( 6,100),
( 6,104),
( 6,99),
( 6,94),
( 6,7),
( 6,65),
( 6,44),
( 6,29),
( 6,4),
( 6,77),
( 6,85),
( 7,31),
( 7,35),
( 7,54),
( 7,91),
( 7,29),
( 7,65),
( 7,85),
( 7,107),
( 7,82),
( 8,50),
( 8,84),
( 8,31),
( 8,23),
( 8,62),
( 8,91),
( 8,39),
( 8,41),
( 8,68),
( 8,13),
( 8,14),
( 9,100),
( 9,74),
( 9,105),
( 9,31),
( 9,42),
( 9,7),
( 9,77),
( 9,73),
( 9,90),
( 9,85),
( 9,94),
( 10,108),
( 10,103),
( 11,100),
( 11,31),
( 11,74),
( 11,44),
( 11,73),
( 11,42),
( 11,9),
( 11,84),
( 11,68),
( 11,14),
( 12,100),
( 12,75),
( 12,14),
( 12,31),
( 12,74),
( 12,73),
( 12,84),
( 12,9),
( 13,100),
( 13,27),
( 13,108),
( 13,62),
( 13,18),
( 13,68),
( 13,21),
( 13,17),
( 14,50),
( 14,21),
( 14,68),
( 14,62),
( 14,27),
( 14,84),
( 14,77),
( 15,62),
( 15,91),
( 15,52),
( 15,84),
( 15,39),
( 15,41),
( 15,68),
( 15,13),
( 16,62),
( 16,52),
( 16,39),
( 16,68),
( 16,32),
( 16,14),
( 17,50),
( 17,68),
( 17,31),
( 17,62),
( 17,14),
( 18,62),
( 18,91),
( 18,52),
( 18,84),
( 18,39),
( 18,41),
( 18,68),
( 18,13),
( 18,14),
( 19,62),
( 19,50),
( 19,38),
( 19,89),
( 19,100),
( 19,41),
( 19,68),
( 19,84),
( 19,13),
( 19,74),
( 19,53),
( 19,24),
( 19,31),
( 19,101),
( 20,62),
( 20,50),
( 20,39),
( 20,89),
( 20,100),
( 20,41),
( 20,68),
( 20,84),
( 20,13),
( 20,74),
( 20,53),
( 20,24),
( 20,96),
( 20,9),
( 20,94),
( 21,62),
( 21,50),
( 21,39),
( 21,89),
( 21,100),
( 21,41),
( 21,14),
( 21,68),
( 21,84),
( 21,13),
( 22,100),
( 22,21),
( 22,31),
( 22,53),
( 23,91),
( 23,42),
( 23,82),
( 23,31),
( 23,7),
( 23,53),
( 23,102),
( 23,63),
( 23,65),
( 23,112),
( 23,77),
( 23,99),
( 23,9),
( 23,4),
( 24,13),
( 24,31),
( 24,104),
( 24,91),
( 24,73),
( 24,14),
( 24,29),
( 24,52),
( 24,94),
( 25,91),
( 25,85),
( 25,31),
( 25,65),
( 25,112),
( 25,99),
( 25,110),
( 26,100),
( 26,20),
( 26,110),
( 26,78),
( 26,76),
( 26,106),
( 26,81),
( 26,42),
( 26,61),
( 26,62),
( 26,31),
( 26,63),
( 26,19),
( 27,100),
( 27,31),
( 27,21),
( 27,82),
( 27,13),
( 27,73),
( 27,7),
( 27,50),
( 27,74),
( 27,11),
( 27,29),
( 27,42),
( 28,100),
( 28,74),
( 28,104),
( 28,27),
( 28,53),
( 28,31),
( 28,7),
( 28,99),
( 28,75),
( 29,100),
( 29,31),
( 29,83),
( 29,104),
( 29,75),
( 29,85),
( 29,29),
( 29,44),
( 30,100),
( 30,53),
( 30,31),
( 30,104),
( 30,29),
( 31,100),
( 31,31),
( 31,108),
( 31,77),
( 31,62),
( 31,21),
( 32,100),
( 32,31),
( 33,24),
( 33,95),
( 33,94),
( 33,1),
( 33,41),
( 33,97),
( 34,24),
( 34,95),
( 34,94),
( 34,41),
( 34,43),
( 34,97),
( 35,24),
( 35,95),
( 35,94),
( 35,41),
( 35,43),
( 35,97),
( 36,24),
( 36,95),
( 36,25),
( 36,94),
( 36,70),
( 36,1),
( 36,43),
( 36,97),
( 36,41),
( 37,34),
( 37,74),
( 37,20),
( 38,100),
( 38,109),
( 38,31),
( 38,65),
( 38,44),
( 38,77),
( 38,104),
( 39,84),
( 39,24),
( 39,29),
( 39,48),
( 39,23),
( 39,52),
( 39,95),
( 39,5),
( 39,14),
( 40,84),
( 40,50),
( 40,48),
( 40,9),
( 40,23),
( 40,95),
( 40,24),
( 40,96),
( 41,36),
( 41,31),
( 41,50),
( 41,84),
( 41,41),
( 41,14),
( 41,29),
( 41,48),
( 41,23),
( 41,95),
( 41,24),
( 41,96),
( 42,29),
( 42,27),
( 42,86),
( 42,60),
( 42,108),
( 42,94),
( 42,40),
( 43,73),
( 43,7),
( 43,91),
( 43,104),
( 43,31),
( 43,29),
( 43,44),
( 43,67),
( 44,100),
( 44,74),
( 44,9),
( 44,53),
( 44,14),
( 45,91),
( 45,74),
( 45,9),
( 45,53),
( 45,15),
( 46,100),
( 46,33),
( 46,31),
( 46,104),
( 46,75),
( 46,85),
( 46,44),
( 46,51),
( 46,29),
( 47,100),
( 47,20),
( 47,85),
( 47,7),
( 47,99),
( 47,31),
( 47,42),
( 47,10),
( 47,44),
( 48,100),
( 48,75),
( 48,74),
( 48,53),
( 48,104),
( 48,110),
( 48,12),
( 48,31),
( 49,100),
( 49,73),
( 49,74),
( 49,29),
( 49,31),
( 49,7),
( 50,24),
( 50,95),
( 50,94),
( 50,41),
( 50,48),
( 50,97),
( 51,50),
( 51,84),
( 51,14),
( 51,105),
( 51,48),
( 51,95),
( 51,24),
( 52,100),
( 52,77),
( 52,7),
( 52,44),
( 52,85),
( 52,73),
( 52,65),
( 52,5),
( 53,100),
( 53,104),
( 53,75),
( 53,31),
( 53,41),
( 53,53),
( 53,77),
( 53,48),
( 53,95),
( 53,24),
( 54,68),
( 54,38),
( 54,23),
( 54,71),
( 54,84),
( 55,100),
( 55,74),
( 55,68),
( 55,21),
( 55,96),
( 55,104),
( 55,84),
( 55,14),
( 56,100),
( 56,74),
( 56,42),
( 56,21),
( 56,77),
( 56,9),
( 56,112),
( 56,44),
( 56,73),
( 56,85),
( 56,97),
( 57,36),
( 57,91),
( 57,6),
( 57,31),
( 57,52),
( 57,68),
( 57,84),
( 57,29),
( 57,44),
( 57,112),
( 57,73),
( 57,95),
( 58,24),
( 58,52),
( 58,48),
( 58,95),
( 58,94),
( 58,41),
( 59,84),
( 59,50),
( 59,48),
( 59,21),
( 59,62),
( 59,14),
( 59,68),
( 59,9),
( 59,23),
( 59,95),
( 59,24),
( 59,96),
( 59,4),
( 59,94),
( 60,100),
( 60,74),
( 60,42),
( 60,41),
( 60,21),
( 60,50),
( 60,79),
( 61,100),
( 61,74),
( 61,42),
( 61,41),
( 61,21),
( 61,50),
( 61,79),
( 61,14),
( 62,69),
( 62,29),
( 62,70),
( 62,52),
( 62,91),
( 62,22),
( 62,84),
( 62,23),
( 63,24),
( 63,22),
( 63,95),
( 63,23),
( 63,93),
( 63,41),
( 63,48),
( 64,24),
( 64,22),
( 64,95),
( 64,23),
( 64,93),
( 65,58),
( 65,56),
( 65,59),
( 65,55),
( 65,57),
( 65,67),
( 66,100),
( 66,27),
( 66,108),
( 66,62),
( 66,18),
( 66,68),
( 66,21),
( 66,17),
( 66,45),
( 66,77),
( 66,31),
( 67,89),
( 67,76),
( 67,77),
( 67,82),
( 67,105),
( 67,75),
( 67,104),
( 67,81),
( 68,100),
( 68,74),
( 68,29),
( 68,65),
( 68,85),
( 68,105),
( 68,53),
( 68,21),
( 68,31),
( 69,100),
( 69,74),
( 69,104),
( 69,14),
( 69,27),
( 69,53),
( 69,31),
( 70,104),
( 70,31),
( 70,83),
( 70,75),
( 70,54),
( 70,29),
( 71,100),
( 71,77),
( 71,29),
( 72,100),
( 72,31),
( 72,24),
( 72,74),
( 72,41),
( 72,50),
( 72,95),
( 72,13),
( 72,84),
( 72,88),
( 73,75),
( 73,89),
( 73,31),
( 73,104),
( 73,91),
( 73,83),
( 73,17),
( 73,51),
( 73,14),
( 74,100),
( 74,27),
( 74,108),
( 74,62),
( 74,18),
( 74,68),
( 74,21),
( 74,17),
( 74,31),
( 74,45),
( 74,73),
( 74,85),
( 74,44),
( 74,7),
( 74,99),
( 75,74),
( 75,9),
( 75,89),
( 75,14),
( 75,104),
( 75,50),
( 75,68),
( 76,24),
( 76,50),
( 76,95),
( 76,94),
( 76,96),
( 77,24),
( 77,50),
( 77,95),
( 77,94),
( 77,96),
( 78,91),
( 78,9),
( 78,42),
( 78,14),
( 78,77),
( 79,100),
( 79,68),
( 79,111),
( 79,31),
( 79,104),
( 79,54),
( 79,13),
( 80,100),
( 80,77),
( 80,7),
( 80,44),
( 80,85),
( 81,91),
( 81,6),
( 81,68),
( 81,31),
( 81,8),
( 81,52),
( 81,27),
( 81,3),
( 81,14),
( 82,91),
( 82,6),
( 82,36),
( 82,68),
( 82,29),
( 82,84),
( 82,14),
( 82,52),
( 82,8),
( 82,70),
( 82,62),
( 82,94),
( 82,39),
( 82,41),
( 82,13),
( 83,91),
( 83,6),
( 83,36),
( 83,49),
( 83,14),
( 83,84),
( 83,31),
( 83,52),
( 84,73),
( 84,7),
( 84,44),
( 84,85),
( 84,65),
( 84,10),
( 84,112),
( 85,91),
( 85,6),
( 85,74),
( 85,52),
( 85,84),
( 85,21),
( 85,29),
( 85,54),
( 86,100),
( 86,82),
( 86,9),
( 86,42),
( 86,77),
( 86,31),
( 86,21),
( 86,65),
( 86,14),
( 86,85),
( 87,62),
( 87,104),
( 87,31),
( 87,74),
( 87,75),
( 87,77),
( 87,13),
( 87,87),
( 88,41),
( 88,96),
( 88,94),
( 88,27),
( 88,50),
( 88,24),
( 88,4),
( 89,100),
( 89,74),
( 89,29),
( 89,65),
( 89,85),
( 89,105),
( 89,53),
( 89,21),
( 89,31),
( 90,73),
( 90,7),
( 90,44),
( 90,85),
( 91,14),
( 91,27),
( 91,68),
( 92,44),
( 92,77),
( 92,99),
( 92,65),
( 92,85),
( 92,7),
( 92,73),
( 92,64),
( 93,100),
( 93,45),
( 93,50),
( 93,68),
( 93,9),
( 93,41),
( 93,94),
( 93,4),
( 93,18),
( 94,111),
( 94,100),
( 94,104),
( 94,74),
( 94,62),
( 94,21),
( 95,91),
( 95,6),
( 95,85),
( 95,7),
( 95,99),
( 95,104),
( 95,31),
( 95,44),
( 95,90),
( 95,10),
( 96,91),
( 96,104),
( 96,31),
( 96,85),
( 96,29),
( 96,44),
( 97,77),
( 97,31),
( 97,104),
( 97,105),
( 97,90),
( 97,106),
( 97,21),
( 98,77),
( 98,90),
( 98,74),
( 98,46),
( 98,110),
( 99,91),
( 99,42),
( 99,6),
( 99,9),
( 99,94),
( 99,24),
( 99,95),
( 100,91),
( 100,53),
( 100,110),
( 100,9),
( 100,31),
( 101,26),
( 101,28),
( 101,66),
( 101,70),
( 101,93),
( 101,14),
( 101,72),
( 102,100),
( 102,53),
( 102,74),
( 102,29),
( 102,31),
( 102,104),
( 102,65),
( 102,41),
( 102,68),
( 103,29),
( 103,80),
( 104,100),
( 104,74),
( 104,9),
( 104,50),
( 104,96),
( 105,91),
( 105,74),
( 105,65),
( 105,9),
( 105,85),
( 105,31),
( 105,68),
( 106,100),
( 106,77),
( 106,21),
( 106,74),
( 106,104),
( 106,31),
( 106,68),
( 106,29),
( 107,74),
( 107,9),
( 107,53),
( 107,50),
( 107,68),
( 107,42),
( 107,77),
( 107,105),
( 108,100),
( 108,74),
( 108,9),
( 108,53),
( 108,50),
( 108,68),
( 108,42),
( 108,77),
( 108,31),
( 109,98),
( 109,100),
( 109,51),
( 109,90),
( 109,32),
( 109,73),
( 109,102),
( 110,100),
( 110,42),
( 110,31),
( 110,74),
( 110,13),
( 110,14),
( 110,112),
( 110,11),
( 110,84),
( 110,20),
( 111,100),
( 111,74),
( 111,50),
( 111,104),
( 111,31),
( 111,84),
( 111,41),
( 111,43),
( 111,18),
( 111,48),
( 111,9),
( 111,24),
( 111,23),
( 111,4),
( 112,29),
( 112,27),
( 112,108),
( 112,86),
( 113,79),
( 113,90),
( 113,102),
( 113,45),
( 113,16),
( 114,24),
( 114,95),
( 114,94),
( 114,43),
( 114,97),
( 114,41),
( 114,1),
( 115,36),
( 115,62),
( 115,52),
( 115,68),
( 115,39),
( 115,91),
( 115,14),
( 115,31),
( 116,74),
( 116,31),
( 116,50),
( 116,14),
( 116,84),
( 116,37),
( 116,41),
( 117,32),
( 117,100),
( 117,73),
( 117,67),
( 117,74),
( 117,7),
( 118,32),
( 118,100),
( 118,73),
( 118,74),
( 118,7),
( 118,45),
( 119,44),
( 119,9),
( 119,41),
( 119,95),
( 119,8),
( 119,99),
( 119,24),
( 119,50),
( 119,5),
( 120,44),
( 120,9),
( 120,41),
( 120,95),
( 120,8),
( 120,99),
( 120,24),
( 120,50),
( 120,4),
( 121,104),
( 121,100),
( 121,29),
( 121,62),
( 121,21),
( 121,77),
( 122,100),
( 122,104),
( 123,24),
( 123,22),
( 123,95),
( 123,23),
( 123,2),
( 123,50),
( 123,41),
( 123,47),
( 124,98),
( 124,92),
( 124,44),
( 125,100),
( 125,105),
( 126,85),
( 126,106),
( 126,29),
( 126,112),
( 126,31),
( 126,104),
( 126,65),
( 126,44);
create table keverek(id int(11)  ,nev varchar(100)  ,ar int(11)  ,tomeg int(11)  ,szarmazas varchar(100)  ,ajanlat varchar(100)  ) ENGINE=InnoDB DEFAULT CHARSET=utf8mb4 COLLATE=utf8mb4_hungarian_ci;
 
ALTER TABLE keverek ADD PRIMARY KEY(id);
 INSERT INTO keverek VALUES
( 1,"Aglio-olio",290,20,"Magyarország","Olasz, tésztás ételekhez."),
( 2,"Almás pite",290,20,"Magyarország","Almás sütemények töltelékének ízesítéséhez."),
( 3,"Argentin",290,20,"Magyarország","Sült húsokhoz."),
( 4,"Baharat",290,20,"Magyarország",null),
( 5,"Bami goreng",290,20,"Magyarország","Indonéz jellegű ételekhez."),
( 6,"Bárány",290,20,"Magyarország","Sült húsokhoz, ragukhoz, elsősorban bárányhoz."),
( 7,"Barbecue",290,20,"Magyarország","Grillhúsok pácolásához, sült húsok ízesítéséhez."),
( 8,"Biriyani masala",290,20,"Magyarország","Indiai ételekhez."),
( 9,"Bolognai",290,20,"Magyarország","Paradicsomos szószokhoz."),
( 10,"Borneói vaníliás bors",900,10,"Németország","Halakhoz, mártásokhoz."),
( 11,"Cajun",320,20,"Magyarország","Sült húsokhoz, grillezéshez."),
( 12,"Chili con carne",290,20,"Magyarország","Chilis bab készítéséhez."),
( 13,"Citromos bors",290,20,"Magyarország","Halakhoz, mártásokhoz."),
( 14,"Creol",290,20,"Magyarország","Sült húsok ízesítésére."),
( 15,"Curry",260,20,"Magyarország","Indiai ételek ízesítéséhez."),
( 16,"Curry angol",290,20,"Németország","Indiai raguk ízesítéséhez ajánlott fűszerkeverék."),
( 17,"Curry colombo",290,20,"Magyarország","Indiai ételek ízesítéséhez."),
( 18,"Curry csípős",290,20,"Magyarország","Csípős indiai ételek készítéséhez."),
( 19,"Curry édeskés",290,20,"Magyarország","Édes jellegű indiai ételek készítéséhez."),
( 20,"Curry enyhén csípős",290,20,"Magyarország","Enyhén csípős indiai ételek készítéséhez."),
( 21,"Curry madras",290,20,"Magyarország","Indiai ételek készítéséhez."),
( 22,"Currys csirke",290,20,"Magyarország","Indiai ételek készítéséhez."),
( 23,"Cseréptálban sültek",290,20,"Magyarország","Sült húsok, zöldségek ízesítésére."),
( 24,"Csípős csirkeszárny",290,20,"Magyarország","Csirkeszárnyak ízesítésére."),
( 25,"Csirkekirály",290,20,"Magyarország","Szárnyas húsok ízesítésére."),
( 26,"Ételízesítő glutamát nélkül",290,50,"Magyarország","Levesekhez, sült húsokhoz, ragukhoz."),
( 27,"Fajita",290,20,"Magyarország","Mexikói jellegű ételek és grillezett húsok, halak fűszerezésére."),
( 28,"Fasírt",290,20,"Magyarország","Fasírtok, húsgolyók, darált húsok ízesítésére."),
( 29,"Fincsibe",290,20,"Magyarország","Sült szárnyas húsokhoz."),
( 30,"Flekken",290,30,"Magyarország","Sült húsok ízesítésére."),
( 31,"Fokhagymás bors",290,20,"Magyarország","Sült húsok ízesítésére."),
( 32,"Fokhagymás só",230,30,null,"Sült húsok ízesítésére."),
( 33,"Forralt fehérbor",350,20,"Magyarország","Forralt fehérbor készítéséhez."),
( 34,"Forraltbor",350,20,"Magyarország","1-1,5 l forralt bor készítéséhez."),
( 35,"Forraltbor fűszerkeverék ajándék üvegben",1650,100,"Magyarország","7-8 l forralt bor készítéséhez."),
( 36,"Forraltbor gyümölcsös",350,20,"Magyarország","1-1,5 l forralt bor készítéséhez."),
( 37,"Füstsó",290,30,"Magyarország","Sült húsok, raguk készítéséhez."),
( 38,"Fűszervaj",290,20,"Magyarország","Szárnyas húsok, tészták ízesítésére."),
( 39,"Garam masala egész",290,20,"Magyarország","Indiai ételek elkészítéséhez."),
( 40,"Garam masala őrölt",290,20,"Magyarország","Indiai ételek elkészítéséhez."),
( 41,"Goa masala",290,20,"Magyarország","Indiai jellegű ételekhez."),
( 42,"Gourmet tarkabors",470,20,"Magyarország","Bármilyen ételhez."),
( 43,"Görög saláta",290,20,"Magyarország","Saláták fűszerezéséhez."),
( 44,"Grill",290,20,"Magyarország","Grillhúsok, zöldségek ízesítésére."),
( 45,"Grillbors",290,20,"Magyarország","Grillhúsok, zöldségek ízesítésére."),
( 46,"Grillcsirke",290,20,"Magyarország","Sült csirke illetve csirkecomb készítéséhez."),
( 47,"Grillzöldség",290,20,"Magyarország","Grillzöldségek készítéséhez."),
( 48,"Gulyás",290,20,"Magyarország","Gulyásleves ízesítésére."),
( 49,"Gyros",290,20,"Magyarország","Sült húsok és gyros készítéséhez."),
( 50,"Gyümölcsleves",290,20,"Magyarország","Gyümölcsleves készítéséhez."),
( 51,"Hét tenger curry",290,20,"Magyarország","Indiai ételek készítéséhez."),
( 52,"Hétfűszer",290,20,"Magyarország","Saláták, sült zöldségek, főzelékek ízesítésére."),
( 53,"Indiai bárány",290,20,"Magyarország","Indiai jellegű bárányhúsból készült ételek elkészítéséhez."),
( 54,"Indiai ötfűszer",290,20,"Magyarország","Lencsés, zöldséges, indiai jellegű ételekhez."),
( 55,"Indiai szárnyas",290,20,"Magyarország","Indiai jellegű ételek készítéséhez."),
( 56,"Kacsasült",290,20,"Magyarország","Szárnyashúsok ízesítésére."),
( 57,"Kansas grill",290,20,"Magyarország","Barbecue-hoz, grillezéshez, sült húsok készítéséhez."),
( 58,"Karácsonyi sütemény",290,20,"Magyarország","Mézeskalácshoz vagy karácsonyi süteményekhez"),
( 59,"Kasmír masala",290,20,"Magyarország","Indiai jellegű ételekhez."),
( 60,"Kínai",290,20,"Magyarország","Távol keleti ételekhez."),
( 61,"Kínai csípős",290,20,"Magyarország","Csípős, távol keleti ételekhez."),
( 62,"Kínai halfűszer",290,20,"Magyarország","Halakhoz és kínai ételekhez."),
( 63,"Kínai hétfűszer",290,20,"Magyarország","Távol keleti ételekhez."),
( 64,"Kínai ötfűszer",290,20,"Magyarország","Sültekhez, ragukhoz, süteményekhez."),
( 65,"Krétai fűszerkeverék vadon termő",390,10,"Kréta","Különleges, intenzív ízű fűszerkeverék, mely kiváló salátákhoz."),
( 66,"Lazac-steak",290,20,"Magyarország","Halak ízesítésére."),
( 67,"Leves lelke",290,20,"Magyarország","Levesekhez, konfitált húsokhoz."),
( 68,"Libasült",290,20,"Magyarország","Szárnyashúsok ízesítésére."),
( 69,"Magyaros",290,20,"Magyarország","Pörköltek, raguk ízesítésére"),
( 70,"Magyaros grillpác",290,25,"Magyarország","Grillhúsok pácolásához."),
( 71,"Májgombóc",290,20,"Magyarország","Májgombóc ízesítésére"),
( 72,"Marokkói csirke",290,20,"Magyarország","Csirkehús fűszerezésére."),
( 73,"Mártogatós",290,20,"Magyarország","Joghurthoz, tejfölhöz adva mártogatósként zöldségek, chipsek mellé."),
( 74,"Mediterrán zöldfűszer",290,20,"Magyarország","Salátafűszerként."),
( 75,"Mexikói",290,20,"Magyarország","Mexikói raguk ízesítésére."),
( 76,"Mézeskalács",290,20,"Magyarország","Mézeskalácshoz vagy mézes jellegű süteményekhez."),
( 77,"Mézessütemény",290,20,"Magyarország","Mézeskalácshoz vagy mézes jellegű süteményekhez."),
( 78,"Mucho macho",290,20,"Magyarország","Csípős sült húsok ízesítésére."),
( 79,"Mustáros karaj",290,20,"Magyarország","Sült sertéshús fűszerezésére."),
( 80,"Négyfűszer",290,20,"Magyarország","Saláták fűszerezésére."),
( 81,"Nyárspolgár bbq rub francia",1500,225,"Magyarország","Sertéshez, szárnyashoz."),
( 82,"Nyárspolgár bbq rub joker",1500,225,"Magyarország","Bármilyen húsféléhez."),
( 83,"Nyárspolgár bbq rub texasi kávés",1500,225,"Magyarország","Marhához, sertéshez."),
( 84,"Olasz",290,10,"Magyarország","Olaszos ételek készítéséhez."),
( 85,"Oldalas",290,20,"Magyarország","Sült húsok ízesítéséhez."),
( 86,"Ördög hozta csirke",290,20,"Magyarország","Csípős, szárnyashúsok ízesítésére."),
( 87,"Paella",290,20,"Magyarország","Paella készítéséhez."),
( 88,"Pástétom",290,20,"Magyarország","Pástétomok, húskrémek készítéséhez."),
( 89,"Pecsenye-grill-steak",290,20,"Magyarország","Sült húsok ízesítésére."),
( 90,"Pizza",290,10,"Magyarország","Olaszos tészták, raguk ízesítéséhez."),
( 91,"Pokol",290,20,"Magyarország","Csípős húsok ízesítéséhez."),
( 92,"Provence",290,10,"Magyarország","Saláták, raguk fűszerezésére."),
( 93,"Rák és hal",290,20,"Magyarország","Rákok, halak ízesítésére."),
( 94,"Rizsfűszer",290,20,"Magyarország","Rizs főzéséhez."),
( 95,"Rozmaringos sült zöldség",290,20,"Magyarország","Sült zöldségek készítéséhez."),
( 96,"Rozmaringos sültburgonya",290,30,"Magyarország","Rozmaringos steakburgonya készítéséhez."),
( 97,"Sajt és túró",290,10,"Magyarország","Sajt-, és túrókrém készítéséhez."),
( 98,"Saláta",290,10,"Magyarország","Saláták fűszerezésére."),
( 99,"Sertésropogós",290,20,"Magyarország","Ropogós sertéssült készítéséhez."),
( 100,"Sertéssült",290,30,"Magyarország","Sült sertéshús készítéséhez."),
( 101,"Shichimi togarashi",800,20,"Magyarország","Sültekhez, rizshez, zöldséges tésztához."),
( 102,"Steak",290,20,"Magyarország","Grill és sült húsok ízesítésére."),
( 103,"Steakbors",290,20,"Magyarország","Grill és sült húsok ízesítéséhez, pácolásához."),
( 104,"Sültburgonya",290,30,"Magyarország","Sültburgonya ízesítésére."),
( 105,"Sültcsirke",290,20,"Magyarország","Sült szárnyashúsok ízesítésére."),
( 106,"Sülthal",290,20,"Magyarország","Sült hal készítéséhez."),
( 107,"Svájci steak",330,20,"Magyarország","Grillhúsok, elsősorban marhahús ízesítésére."),
( 108,"Szárnyas fűszerkeverék",290,20,"Magyarország","Szárnyas sült húsok, raguk ízesítésére."),
( 109,"Szezámmagos saláta",290,20,"Magyarország","Salátafűszerként."),
( 110,"Taco",290,20,"Magyarország","Mexikói ételek ízesítésére."),
( 111,"Tandoori masala",290,20,"Magyarország","Indiai ételek ízesítésére."),
( 112,"Tarkabors",390,20,"Magyarország","Bármilyen ételhez."),
( 113,"Tavaszi saláta",290,10,"Magyarország","Saláták fűszerezésére."),
( 114,"Téli alma varázs",350,20,"Magyarország","1-1,5 l forró almalé készítéséhez."),
( 115,"Thai curry",290,20,"Magyarország","Thai ételek készítéséhez."),
( 116,"Tikka masala",290,20,"Magyarország","Húsokhoz és indiai ételek ízesítéséhez.."),
( 117,"Tzatziki",290,20,"Magyarország","Tzatziki készítéséhez."),
( 118,"Tzatziki kaporral",290,20,"Magyarország","Kapros tzatziki készítéséhez."),
( 119,"Vad",290,20,"Magyarország","Vadhúsok ízesítéséhez."),
( 120,"Vadpác",320,20,"Magyarország","Vadhúsok pácolásához."),
( 121,"Vöröshagymás bors",290,20,"Magyarország","Sült húsokhoz, salátákhoz."),
( 122,"Vöröshagymás só",230,20,"Magyarország","Sült húsok és grillek ízesítésére."),
( 123,"Wok",320,20,"Magyarország","Wokban készülő zöldséges, tésztás ételek készítéséhez."),
( 124,"Zahtar",290,20,"Magyarország","Közel-keleti ételekhez, olívaolajjal keverve pitához, pirítóshoz."),
( 125,"Zellersó levéllel",220,30,"Magyarország","Levesekhez, sültekhez, salátákhoz."),
( 126,"Zöldfűszeres grillpác",290,30,"Magyarország","Grillhúsok pácolásához.");
create table osszetevo(id int(11)  ,nev varchar(100)  ) ENGINE=InnoDB DEFAULT CHARSET=utf8mb4 COLLATE=utf8mb4_hungarian_ci;
 
ALTER TABLE osszetevo ADD PRIMARY KEY(id);
 INSERT INTO osszetevo VALUES
( 1,"alma"),
( 2,"ánizs"),
( 3,"ánizsmag"),
( 4,"babér"),
( 5,"babérlevél"),
( 6,"barnacukor"),
( 7,"bazsalikom"),
( 8,"borókabogyó"),
( 9,"bors"),
( 10,"borsikafű"),
( 11,"burgonyakeményítő"),
( 12,"burgonyapehely"),
( 13,"Cayenne-bors"),
( 14,"chili"),
( 15,"chilipor"),
( 16,"citromfű"),
( 17,"citromhéj"),
( 18,"citrompor"),
( 19,"citromsav"),
( 20,"cukor"),
( 21,"curry"),
( 22,"csillagánizs"),
( 23,"édeskömény"),
( 24,"fahéj"),
( 25,"fahéjvirág"),
( 26,"fehér szezámmag"),
( 27,"fehérbors"),
( 28,"fekete szezámmag"),
( 29,"feketebors"),
( 31,"fokhagyma"),
( 32,"fokhagymagranulátum"),
( 33,"füstölt paprika"),
( 34,"füstölt só"),
( 35,"füstsó"),
( 36,"fűszerpaprika"),
( 37,"garam masala"),
( 38,"görögszéna"),
( 39,"görögszénamag"),
( 40,"guineai bors"),
( 41,"gyömbér"),
( 42,"hagyma"),
( 43,"hibiszkusz"),
( 44,"kakukkfű"),
( 45,"kapor"),
( 46,"kaporlevél"),
( 47,"kapormag"),
( 48,"kardamom"),
( 49,"kávé"),
( 50,"koriander"),
( 51,"korianderlevél"),
( 52,"koriandermag"),
( 53,"kömény"),
( 54,"köménymag"),
( 55,"krétai vad bazsalikom"),
( 56,"krétai vad kakukkfű"),
( 57,"krétai vad majoranna"),
( 58,"krétai vad oregánó"),
( 59,"krétai vad rozmaring"),
( 60,"kubebabors"),
( 61,"kukoricadara"),
( 62,"kurkuma"),
( 63,"lestyán"),
( 64,"levendula"),
( 65,"majoranna"),
( 66,"mák"),
( 67,"menta"),
( 68,"mustármag"),
( 69,"nádcukor"),
( 70,"narancshéj"),
( 71,"nigella"),
( 72,"nori"),
( 73,"oregánó"),
( 74,"paprika"),
( 75,"paradicsom"),
( 76,"paszternák"),
( 77,"petrezselyem"),
( 78,"petrezselyemgyökér"),
( 79,"petrezselyemlevél"),
( 80,"piros pritaminpaprika"),
( 81,"póré"),
( 82,"pritamin"),
( 83,"pritaminpaprika"),
( 84,"római kömény"),
( 85,"rozmaring"),
( 86,"rózsabors"),
( 87,"sáfrány"),
( 88,"sáfrányos szeklice"),
( 89,"sárgarépa"),
( 90,"snidling"),
( 91,"só"),
( 92,"sumach"),
( 93,"szecsuáni bors"),
( 94,"szegfűbors"),
( 95,"szegfűszeg"),
( 96,"szerecsendió"),
( 97,"szerecsendióvirág"),
( 98,"szezámmag"),
( 99,"tárkony"),
( 100,"tengeri só"),
( 101,"tormapor"),
( 102,"turbolya"),
( 103,"vanília"),
( 104,"vöröshagyma"),
( 105,"zeller"),
( 106,"zellergyökér"),
( 107,"zellerlevél"),
( 108,"zöldbors"),
( 109,"zöldség"),
( 110,"zöldségek"),
( 111,"zöldségkeverék"),
( 112,"zsálya");
ALTER TABLE `kapcsolat` ADD CONSTRAINT `kapcsolat_111`   FOREIGN KEY (`keverekid`)     REFERENCES `keverek` (`id`);ALTER TABLE `kapcsolat` ADD CONSTRAINT `kapcsolat_121`   FOREIGN KEY (`osszetevoid`)     REFERENCES `osszetevo` (`id`);
